{
  "project_info": {
    "project_number": "486171116025",
    "firebase_url": "https://crowd-analysis-c4a3b.firebaseio.com",
    "project_id": "crowd-analysis-c4a3b",
    "storage_bucket": "crowd-analysis-c4a3b.appspot.com"
  },
  "client": [
    {
      "client_info": {
        "mobilesdk_app_id": "1:486171116025:android:e469ea39c6fb009a707d28",
        "android_client_info": {
          "package_name": "com.example.godseye"
        }
      },
      "oauth_client": [
        {
          "client_id": "486171116025-etn794b0ivvio9tm1fubc1tgn0ogilpp.apps.googleusercontent.com",
          "client_type": 3
        }
      ],
      "api_key": [
        {
          "current_key": "AIzaSyCEGZRVhEGjriJFiIf5VQljwV1nrRCTj4k"
        }
      ],
      "services": {
        "appinvite_service": {
          "other_platform_oauth_client": [
            {
              "client_id": "486171116025-etn794b0ivvio9tm1fubc1tgn0ogilpp.apps.googleusercontent.com",
              "client_type": 3
            }
          ]
        }
      }
    }
  ],
  "configuration_version": "1"
}